{
  "huber_train_acc": 0.9457092819614711,
  "huber_test_acc": 0.9387755102040817,
  "hinge_train_acc": 0.9422066549912435,
  "hinge_test_acc": 0.9346938775510204,
  "huber_margin_pts": 168.0,
  "hinge_margin_pts": 121.0
}