{
  "\u03bb=1_c=0.5": 0.7197711670480549,
  "\u03bb=1_c=1": 0.7775896262395119,
  "\u03bb=1_c=10": 0.8055987795575896,
  "\u03bb=100_c=0.5": 0.9421967963386727,
  "\u03bb=100_c=1": 0.9421815408085431,
  "\u03bb=100_c=10": 0.9387032799389778,
  "\u03bb=10000_c=0.5": 0.936933638443936,
  "\u03bb=10000_c=1": 0.9282227307398931,
  "\u03bb=10000_c=10": 0.9212662090007628
}