{
  "0": {
    "R2_train": 0.7873904839733074,
    "R2_test": 0.7629420482750526
  },
  "100": {
    "R2_train": 0.6550668682665352,
    "R2_test": 0.6559686419559316
  },
  "500": {
    "R2_train": 0.790265407279382,
    "R2_test": 0.7572201218805261
  }
}